<?xml version="1.0" encoding="UTF-8"?>
<!DOCTYPE mapper
        PUBLIC "-//mybatis.org//DTD Mapper 3.0//EN"
        "http://mybatis.org/dtd/mybatis-3-mapper.dtd">

<mapper namespace="com.QLM.QLMFile.mapper.DetailsMapper">
    <select id="searchdetailsid" resultType="map">
        select detailsid,dename,sop,advance,money,customer,business,technology,kaitime,jietime
        from details join admin
        on details.detailsid=admin.adminid
        <where>
            <if test="m.detailsid!=null and m.detailsid!=''">
                detailsid=#{m.detailsid}
            </if>

            <if test="m.dename!=null and m.dename!=''">
                and dename like concat('%',#{m.dename},'%')
            </if>
        </where>
    </select>
</mapper>
