<?xml version="1.0" encoding="UTF-8"?>
<!DOCTYPE mapper
        PUBLIC "-//mybatis.org//DTD Mapper 3.0//EN"
        "http://mybatis.org/dtd/mybatis-3-mapper.dtd">
      
 <mapper namespace="com.QLM.QLMFile.mapper.UserMapper">
      <!--分页查询数据并显示详情-->
       <select id="searchUserWithDepByPage" resultType="map">
             select adminid,username,password,sex
             from admin join  details
             on admin.adminid=details.detailsid
             <where>
                  <if test="m.adminid!=null and m.adminid!=''">
                       adminid=#{m.adminid}
                  </if>

                  <if test="m.username!=null and m.username!=''">
                      and username like concat('%',#{m.username},'%')
                  </if>

                  <if test="n.dename!=null and n.dename!=''">
                     and dename like concat('%',#{n.dename},'%')
                 </if>
             </where>
       </select>

 </mapper>       
